dataset,q,mode,n_seeds,f1_mean,f1_std,recall_mean,recall_std,precision_mean,precision_std,roc_auc_mean,roc_auc_std,prr_mean,prr_std,gray_ratio_mean,gray_ratio_std,llm_call_rate_mean,llm_call_rate_std,worst_case_recall_mean,worst_case_recall_std,instability_mean,instability_std,cost_usd_mean,cost_usd_std,billed_cost_usd_mean,billed_cost_usd_std,base_latency_ms_mean,base_latency_ms_std,routing_feature_latency_ms_mean,routing_feature_latency_ms_std,routing_overhead_ms_mean,routing_overhead_ms_std,mode_wall_latency_ms_mean,mode_wall_latency_ms_std,llm_only_latency_ms_mean,llm_only_latency_ms_std,llm_only_avg_latency_ms_per_sample_mean,llm_only_avg_latency_ms_per_sample_std,billed_llm_only_latency_ms_mean,billed_llm_only_latency_ms_std,billed_llm_only_avg_latency_ms_per_sample_mean,billed_llm_only_avg_latency_ms_per_sample_std,total_latency_ms_mean,total_latency_ms_std,avg_latency_ms_per_sample_mean,avg_latency_ms_per_sample_std,prompt_tokens_mean,prompt_tokens_std,completion_tokens_mean,completion_tokens_std,total_tokens_mean,total_tokens_std,billed_prompt_tokens_mean,billed_prompt_tokens_std,billed_completion_tokens_mean,billed_completion_tokens_std,billed_total_tokens_mean,billed_total_tokens_std,llm_calls_mean,llm_calls_std,billed_llm_calls_mean,billed_llm_calls_std,cache_hits_mean,cache_hits_std,cache_hit_rate_mean,cache_hit_rate_std,uses_actual_api_usage_mean,uses_actual_api_usage_std,xgb_shortcut_rate_mean,xgb_shortcut_rate_std,shortcut_filter_rate_mean,shortcut_filter_rate_std,tau_mean,tau_std,gray_margin_mean,gray_margin_std,entropy_threshold_mean,entropy_threshold_std,discrepancy_threshold_mean,discrepancy_threshold_std,ensemble_entropy_mean_mean,ensemble_entropy_mean_std,model_discrepancy_mean_mean,model_discrepancy_mean_std
cost,0.4,full_llm,1,0.8175182481751825,0.0,0.8,0.0,0.835820895522388,0.0,0.7166666666666666,0.0,0.9590643274853802,0.0,1.0,0.0,1.0,0.0,,0.0,,0.0,0.10729845,0.0,0.00053745,0.0,342.7732652826001,0.0,3.5506670028553344,0.0,0.0,0.0,2848.858208002639,0.0,385369.9330380296,0.0,963.424832595074,0.0,1731.0321250042762,0.0,4.32758031251069,0.0,385716.25697031507,0.0,964.2906424257876,0.0,703051.0,0.0,3068.0,0.0,706119.0,0.0,3519.0,0.0,16.0,0.0,3535.0,0.0,400.0,0.0,2.0,0.0,398.0,0.0,0.995,0.0,1.0,0.0,0.0,0.0,0.0,0.0,0.4100000000000001,0.0,0.2281822239561854,0.0,0.7564255001576456,0.0,1.0,0.0,0.49857324383366847,0.0,0.11538102539897566,0.0
cost,0.4,no_llm,10,0.843774611122711,0.008294915543698851,0.7371428571428572,0.013489729023062181,0.9867516783306488,0.009455517057917867,0.8956056547619047,0.011110376007606185,0.8760230168609894,0.011670479709585626,0.24375,0.012430361575146915,0.0,0.0,,,,,0.0,0.0,0.0,0.0,342.77326528260016,5.99182245303757e-14,3.8372624992916826,0.8975987331321084,1.8707331997575238,0.6810161306738763,1.8707331997575238,0.6810161306738763,0.0,0.0,0.0,0.0,0.0,0.0,0.0,0.0,348.48126098164937,1.3418485646613887,0.8712031524541233,0.0033546214116534716,0.0,0.0,0.0,0.0,0.0,0.0,0.0,0.0,0.0,0.0,0.0,0.0,0.0,0.0,0.0,0.0,0.0,0.0,0.0,0.0,0.0,0.0,0.183,0.012572014777097403,0.183,0.012572014777097403,0.41000000000000003,5.851389114294502e-17,0.2281822239561854,0.0,0.7564255001576455,1.1702778228589004e-16,1.0,0.0,0.4827860644612184,0.008299930816529218,0.10843291848374084,0.0037336913971778157
cost,0.4,selective,1,0.8660194174757282,0.0,0.7964285714285714,0.0,0.948936170212766,0.0,0.8375595238095238,0.0,0.9564353234303972,0.0,0.2525,0.0,0.0825,0.0,,0.0,,0.0,0.008849999999999998,0.0,0.0010683,0.0,342.7732652826001,0.0,3.5506670028553344,0.0,0.0,0.0,10940.302458002407,0.0,42364.44175094948,0.0,105.9111043773737,0.0,8859.102667003754,0.0,22.147756667509384,0.0,42710.76568323494,0.0,106.77691420808735,0.0,57948.0,0.0,263.0,0.0,58211.0,0.0,6998.0,0.0,31.0,0.0,7029.0,0.0,33.0,0.0,4.0,0.0,29.0,0.0,0.8787878787878788,0.0,1.0,0.0,0.17,0.0,0.17,0.0,0.4100000000000001,0.0,0.2281822239561854,0.0,0.7564255001576456,0.0,1.0,0.0,0.49857324383366847,0.0,0.11538102539897566,0.0
cost,0.4,selective_no_filter,1,0.862453531598513,0.0,0.8285714285714286,0.0,0.8992248062015504,0.0,0.7125744047619047,0.0,0.9933166248955724,0.0,0.2525,0.0,0.2525,0.0,,0.0,,0.0,0.0270729,0.0,0.004009949999999999,0.0,342.7732652826001,0.0,3.5506670028553344,0.0,0.0,0.0,26941.7822089963,0.0,123546.3338329464,0.0,308.865834582366,0.0,19294.39358500531,0.0,48.235983962513274,0.0,123892.65776523185,0.0,309.7316444130796,0.0,177418.0,0.0,767.0,0.0,178185.0,0.0,26309.0,0.0,106.0,0.0,26415.0,0.0,101.0,0.0,15.0,0.0,86.0,0.0,0.8514851485148515,0.0,1.0,0.0,0.0,0.0,0.0,0.0,0.4100000000000001,0.0,0.2281822239561854,0.0,0.7564255001576456,0.0,1.0,0.0,0.49857324383366847,0.0,0.11538102539897566,0.0
cost,0.6,full_llm,1,0.8239564428312159,0.0,0.8107142857142857,0.0,0.8376383763837638,0.0,0.7220238095238095,0.0,0.9719089390142022,0.0,1.0,0.0,1.0,0.0,,0.0,,0.0,0.10730025,0.0,0.073008,0.0,1918.355571450258,0.0,3.522125000017695,0.0,0.0,0.0,239483.66004199488,0.0,356132.3846229934,0.0,890.3309615574835,0.0,238462.4492060102,0.0,596.1561230150255,0.0,358054.2623194437,0.0,895.1356557986093,0.0,703051.0,0.0,3071.0,0.0,706122.0,0.0,478296.0,0.0,2106.0,0.0,480402.0,0.0,400.0,0.0,272.0,0.0,128.0,0.0,0.32,0.0,1.0,0.0,0.0,0.0,0.0,0.0,0.4100000000000001,0.0,0.2564322105611924,0.0,0.7228677466422825,0.0,1.0,0.0,0.4985732438336684,0.0,0.1153810253989756,0.0
cost,0.6,no_llm,10,0.843774611122711,0.008294915543698851,0.7371428571428572,0.013489729023062181,0.9867516783306488,0.009455517057917862,0.8956056547619047,0.011110376007606199,0.8760230168609894,0.011670479709585626,0.31275,0.015476236263668544,0.0,0.0,,,,,0.0,0.0,0.0,0.0,1918.3555714502577,2.396728981215028e-13,3.879079101898242,1.158335934040086,1.7874667028081603,0.7007146376068154,1.7874667028081603,0.7007146376068154,0.0,0.0,0.0,0.0,0.0,0.0,0.0,0.0,1924.0221172549645,1.5441992718265585,4.810055293137411,0.0038604981795664077,0.0,0.0,0.0,0.0,0.0,0.0,0.0,0.0,0.0,0.0,0.0,0.0,0.0,0.0,0.0,0.0,0.0,0.0,0.0,0.0,0.0,0.0,0.23249999999999998,0.01748014746950253,0.23249999999999998,0.01748014746950253,0.41000000000000003,5.851389114294502e-17,0.25643221056119236,5.851389114294502e-17,0.7228677466422824,1.1702778228589004e-16,1.0,0.0,0.4827860644612184,0.008299930816529206,0.10843291848374077,0.0037336913971778153
cost,0.6,selective,1,0.8692307692307693,0.0,0.8071428571428572,0.0,0.9416666666666668,0.0,0.8206696428571427,0.0,0.9693021663465012,0.0,0.32,0.0,0.0975,0.0,,0.0,,0.0,0.0104601,0.0,0.0104601,0.0,1918.355571450258,0.0,3.522125000017695,0.0,170.84833305852953,0.0,43695.91087500157,0.0,43525.06254194304,0.0,108.8126563548576,0.0,43525.06254194304,0.0,108.8126563548576,0.0,45617.78857145185,0.0,114.04447142862962,0.0,68486.0,0.0,312.0,0.0,68798.0,0.0,68486.0,0.0,312.0,0.0,68798.0,0.0,39.0,0.0,39.0,0.0,0.0,0.0,0.0,0.0,1.0,0.0,0.2225,0.0,0.2225,0.0,0.4100000000000001,0.0,0.2564322105611924,0.0,0.7228677466422825,0.0,1.0,0.0,0.4985732438336684,0.0,0.1153810253989756,0.0
cost,0.6,selective_no_filter,1,0.8676470588235294,0.0,0.8428571428571429,0.0,0.8939393939393939,0.0,0.6995833333333333,0.0,1.0104427736006685,0.0,0.32,0.0,0.32,0.0,,0.0,,0.0,0.03429225,0.0,0.02383215,0.0,1918.355571450258,0.0,3.522125000017695,0.0,0.0,0.0,74485.8404169936,0.0,117669.9354169832,0.0,294.174838542458,0.0,74144.87287504016,0.0,185.3621821876004,0.0,119591.81311343348,0.0,298.9795327835837,0.0,224755.0,0.0,965.0,0.0,225720.0,0.0,156269.0,0.0,653.0,0.0,156922.0,0.0,128.0,0.0,89.0,0.0,39.0,0.0,0.3046875,0.0,1.0,0.0,0.0,0.0,0.0,0.0,0.4100000000000001,0.0,0.2564322105611924,0.0,0.7228677466422825,0.0,1.0,0.0,0.4985732438336684,0.0,0.1153810253989756,0.0
main,0.2,no_llm,10,0.8770946661719548,0.006331449694112567,0.7927500000000001,0.009464173404544774,0.9816545712871635,0.009194907367947695,0.9064855505952382,0.007406689828481724,0.942160382101559,0.009963062701033924,0.16215000000000002,0.008581472290153177,0.0,0.0,0.07370652173913042,0.15553974742079676,0.01582977100906193,0.0007363397956370961,0.0,0.0,0.0,0.0,774.4673404886846,0.0,3.9676542044617236,0.056666440013105814,1.979104199563153,0.04462422897999734,1.979104199563153,0.04462422897999734,0.0,0.0,0.0,0.0,0.0,0.0,0.0,0.0,780.4140988927095,0.05032364239073867,0.1951035247231773,1.2580910597690274e-05,0.0,0.0,0.0,0.0,0.0,0.0,0.0,0.0,0.0,0.0,0.0,0.0,0.0,0.0,0.0,0.0,0.0,0.0,0.0,0.0,0.0,0.0,0.12785,0.007075191399060055,0.12785,0.007075191399060055,0.41000000000000003,5.851389114294502e-17,0.1735844310189129,0.0,0.8281716020964301,0.0,1.0,0.0,0.4447686813485035,0.006360547151083082,0.09464753277526648,0.002666368334438281
main,0.2,selective,10,0.8814630925922421,0.0075584921833747,0.8059285714285714,0.011669338858211082,0.9728105764825598,0.010941369090874231,0.8818955654761904,0.013248518558408877,0.9630941708960039,0.011513906877553881,0.16215000000000002,0.008581472290153177,0.0343,0.005666421563326658,0.0964812030075188,0.2052042439345687,0.02115803559644394,0.0015092143791908459,0.03678142499999999,0.006082954136457883,0.0,0.0,774.4673404886846,0.0,3.9676542044617236,0.056666440013105814,0.0,0.0,26.78716250229627,3.979010602469297,279974.24860293104,126612.87744554698,69.99356215073276,31.65321936138675,0.0,0.0,0.0,0.0,280752.6835976242,126612.88529033981,70.18817089940605,31.653221322584955,240819.1,39827.73300784824,1097.6,181.32549002645308,241916.7,40009.05662485822,0.0,0.0,0.0,0.0,0.0,0.0,137.2,22.665686253306635,0.0,0.0,137.2,22.665686253306635,1.0,0.0,1.0,0.0,0.12785,0.007075191399060055,0.12785,0.007075191399060055,0.41000000000000003,5.851389114294502e-17,0.1735844310189129,0.0,0.8281716020964301,0.0,1.0,0.0,0.4447686813485035,0.006360547151083082,0.09464753277526648,0.002666368334438281
main,0.4,ensemble_only,10,0.8728287195815287,0.0044081057943289054,0.7795714285714286,0.007479753473085903,0.9915212503527954,0.0065756680949729,0.9165297916666667,0.007124102634977125,0.9323125663209169,0.006338268998109857,0.0,0.0,0.0,0.0,0.0681159420289855,0.14360101451972349,0.018113967415615488,0.00036266365895040856,0.0,0.0,0.0,0.0,774.4673404886846,0.0,4.230012599145994,0.2146863372568802,1.9613040996773634,0.025286272291223533,1.9613040996773634,0.025286272291223533,0.0,0.0,0.0,0.0,0.0,0.0,0.0,0.0,780.658657187508,0.21964361866206678,0.19516466429687696,5.4910904665518436e-05,0.0,0.0,0.0,0.0,0.0,0.0,0.0,0.0,0.0,0.0,0.0,0.0,0.0,0.0,0.0,0.0,0.0,0.0,0.0,0.0,0.0,0.0,0.0,0.0,0.0,0.0,0.41000000000000003,5.851389114294502e-17,0.2281822239561854,0.0,0.7564255001576455,1.1702778228589004e-16,1.0,0.0,0.4447686813485035,0.006360547151083082,0.09464753277526648,0.002666368334438281
main,0.4,no_llm,10,0.8770946661719548,0.006331449694112567,0.7927500000000001,0.009464173404544774,0.9816545712871635,0.009194907367947695,0.9064855505952382,0.007406689828481724,0.942160382101559,0.009963062701033924,0.307475,0.009096282818333605,0.0,0.0,0.07370652173913042,0.15553974742079676,0.01582977100906193,0.0007363397956370961,0.0,0.0,0.0,0.0,774.4673404886846,0.0,4.230012599145994,0.2146863372568802,1.9894957000360591,0.09958187673328936,1.9894957000360591,0.09958187673328936,0.0,0.0,0.0,0.0,0.0,0.0,0.0,0.0,780.6868487878667,0.1882346334251154,0.1951717121969666,4.705865835626303e-05,0.0,0.0,0.0,0.0,0.0,0.0,0.0,0.0,0.0,0.0,0.0,0.0,0.0,0.0,0.0,0.0,0.0,0.0,0.0,0.0,0.0,0.0,0.24532500000000002,0.009233882354315175,0.24532500000000002,0.009233882354315175,0.41000000000000003,5.851389114294502e-17,0.2281822239561854,0.0,0.7564255001576455,1.1702778228589004e-16,1.0,0.0,0.4447686813485035,0.006360547151083082,0.09464753277526648,0.002666368334438281
main,0.4,selective,10,0.8834825241909018,0.007275968455273661,0.8206785714285714,0.01196111661416258,0.9569013187543985,0.011275744575354706,0.8537445238095238,0.014224213928201314,0.9807119151832466,0.010982704227980509,0.307475,0.009096282818333605,0.06215,0.007541735727123946,0.1757572025398112,0.19196518094190584,0.02537704354539453,0.0013864912953616751,0.06665600999999997,0.008090987189521448,0.0030295649999999797,0.0013728319005799734,774.4673404886846,0.0,4.230012599145994,0.2146863372568802,0.0,0.0,19578.595854100422,9085.542019951687,489058.5892290201,221080.29703116845,122.26464730725502,55.27007425779211,13736.10586219911,6576.974110700329,3.4340264655497776,1.6442435276750822,489837.28658210783,221080.19945395947,122.45932164552698,55.27004986348985,436426.2,52974.07601165771,1986.8,241.46396096404212,438413.0,53215.53559921305,19843.1,8989.653354458855,88.5,40.661884964778615,19931.6,9030.292885615616,248.6,30.16694290849579,11.3,5.121848624601603,237.3,27.588443635374254,0.9552468831595815,0.017305545565160386,1.0,0.0,0.24532500000000002,0.009233882354315175,0.24532500000000002,0.009233882354315175,0.41000000000000003,5.851389114294502e-17,0.2281822239561854,0.0,0.7564255001576455,1.1702778228589004e-16,1.0,0.0,0.4447686813485035,0.006360547151083082,0.09464753277526648,0.002666368334438281
main,0.4,selective_no_filter,10,0.8728271090565756,0.005438896953218757,0.8709999999999999,0.008597513219535675,0.8747676619170874,0.009348107961090679,0.690677931547619,0.01208665218923908,1.039795163512667,0.010461656053793294,0.307475,0.009096282818333605,0.307475,0.009096282818333605,0.38572736683606246,0.20292029178594984,0.05958708125313711,0.0017770734136924248,0.32921791499999997,0.009769223346932452,0.07654433999999996,0.005611085264545538,774.4673404886846,0.0,4.230012599145994,0.2146863372568802,0.0,0.0,508136.8801999997,61817.52870232169,2246488.320286184,958226.2065242848,561.6220800715461,239.5565516310712,361820.110622299,54357.802017783135,90.45502765557475,13.58945050444578,2247267.0176392724,958226.0841908953,561.816754409818,239.5565210477238,2157538.1,63998.50996260252,9312.0,283.08930667822045,2166850.1,64280.912438124105,502142.8,36807.42516516048,2038.2,150.02059117927038,504181.0,36957.37681888872,1229.9,36.38513127333441,286.5,21.030401274768337,943.4,45.57582205024453,0.7667706154019338,0.01974753735466854,1.0,0.0,0.0,0.0,0.0,0.0,0.41000000000000003,5.851389114294502e-17,0.2281822239561854,0.0,0.7564255001576455,1.1702778228589004e-16,1.0,0.0,0.4447686813485035,0.006360547151083082,0.09464753277526648,0.002666368334438281
main,0.4,selective_no_graph,10,0.883563848862598,0.007211287047125149,0.8207857142857142,0.011940185392651327,0.9569470742606938,0.011236641979848281,0.8539274851190475,0.013997413136303009,0.9808401819991097,0.010972977492985756,0.307475,0.009096282818333605,0.06215,0.007541735727123946,0.1757572025398112,0.19196518094190584,0.025355717205903024,0.0013703281406265055,0.06663685499999997,0.008085595735643101,0.00236515499999996,0.0011162588768963868,774.4673404886846,0.0,4.230012599145994,0.2146863372568802,0.0,0.0,15482.884316699347,6842.010779573452,597129.83393364,88863.84516772315,149.28245848341004,22.215961291930785,10894.250499300688,5023.817058714593,2.723562624825172,1.2559542646786481,597908.531286728,88863.83123504413,149.47713282168198,22.215957808761026,436297.7,52937.11690938389,1987.0,241.71838527049982,438284.7,53178.83051041604,15491.7,7309.838181063473,69.0,32.99831645537222,15560.7,7342.809741509037,248.6,30.16694290849579,8.8,4.157990967870047,239.8,28.677517326295874,0.9649194232937394,0.014690907306047362,1.0,0.0,0.24532500000000002,0.009233882354315175,0.24532500000000002,0.009233882354315175,0.41000000000000003,5.851389114294502e-17,0.2281822239561854,0.0,0.7564255001576455,1.1702778228589004e-16,1.0,0.0,0.4447686813485035,0.006360547151083082,0.09464753277526648,0.002666368334438281
main,0.6,ensemble_only,10,0.8728287195815287,0.0044081057943289054,0.7795714285714286,0.007479753473085903,0.9915212503527954,0.0065756680949729,0.9165297916666667,0.007124102634977125,0.9323125663209169,0.006338268998109857,0.0,0.0,0.0,0.0,0.0681159420289855,0.14360101451972349,0.018113967415615488,0.00036266365895040856,0.0,0.0,0.0,0.0,774.4673404886846,0.0,4.082587503944524,0.2140586804300184,2.0865583966951817,0.039759822611191466,2.0865583966951817,0.039759822611191466,0.0,0.0,0.0,0.0,0.0,0.0,0.0,0.0,780.6364863893243,0.2105094681754218,0.19515912159733104,5.262736704386619e-05,0.0,0.0,0.0,0.0,0.0,0.0,0.0,0.0,0.0,0.0,0.0,0.0,0.0,0.0,0.0,0.0,0.0,0.0,0.0,0.0,0.0,0.0,0.0,0.0,0.0,0.0,0.41000000000000003,5.851389114294502e-17,0.2564322105611923,0.0,0.7228677466422824,1.1702778228589004e-16,1.0,0.0,0.4447686813485035,0.006360547151083082,0.09464753277526648,0.002666368334438281
main,0.6,no_llm,10,0.8770946661719548,0.006331449694112567,0.7927500000000001,0.009464173404544774,0.9816545712871635,0.009194907367947695,0.9064855505952382,0.007406689828481724,0.942160382101559,0.009963062701033924,0.39987500000000004,0.008721978942113235,0.0,0.0,0.07370652173913042,0.15553974742079676,0.01582977100906193,0.0007363397956370961,0.0,0.0,0.0,0.0,774.4673404886846,0.0,4.082587503944524,0.2140586804300184,2.0958167006028816,0.15861154473634254,2.0958167006028816,0.15861154473634254,0.0,0.0,0.0,0.0,0.0,0.0,0.0,0.0,780.645744693232,0.341121063422071,0.195161436173308,8.528026585550078e-05,0.0,0.0,0.0,0.0,0.0,0.0,0.0,0.0,0.0,0.0,0.0,0.0,0.0,0.0,0.0,0.0,0.0,0.0,0.0,0.0,0.0,0.0,0.31484999999999996,0.01079107141215469,0.31484999999999996,0.01079107141215469,0.41000000000000003,5.851389114294502e-17,0.2564322105611923,0.0,0.7228677466422824,1.1702778228589004e-16,1.0,0.0,0.4447686813485035,0.006360547151083082,0.09464753277526648,0.002666368334438281
main,0.6,selective,10,0.8830248971133863,0.006795796264652901,0.8324285714285715,0.01273397797278359,0.9404131424102193,0.011504133912067874,0.8250259821428572,0.014951244937979587,0.994742882915326,0.011073411255109852,0.39987500000000004,0.008721978942113235,0.08502500000000002,0.00944608237430853,0.20169744767055975,0.21772905432831427,0.029038524303118134,0.0013534253934008348,0.09118676999999997,0.010129282385934356,0.0,0.0,774.4673404886846,0.0,4.716808399462025,0.17272383194615218,0.0,0.0,72.87616650028212,17.958074395439116,697390.6499830626,309545.5192465845,174.3476624957657,77.38637981164611,0.0,0.0,0.0,0.0,698169.834131951,309545.4112967104,174.54245853298772,77.38635282417758,597039.8,66324.92168240968,2718.0,300.91010100840566,599757.8,66625.82852818168,0.0,0.0,0.0,0.0,0.0,0.0,340.1,37.78432949723411,0.0,0.0,340.1,37.78432949723411,1.0,0.0,1.0,0.0,0.31484999999999996,0.01079107141215469,0.31484999999999996,0.01079107141215469,0.41000000000000003,5.851389114294502e-17,0.2564322105611923,0.0,0.7228677466422824,1.1702778228589004e-16,1.0,0.0,0.4447686813485035,0.006360547151083082,0.09464753277526648,0.002666368334438281
main,0.6,selective_no_filter,10,0.8696397623436829,0.005042901187880868,0.8801428571428571,0.009260037760167502,0.8594784699081917,0.007683942552411606,0.6577613244047618,0.009933752242266135,1.0507091805725697,0.01117937384243692,0.39987500000000004,0.008721978942113235,0.39987500000000004,0.008721978942113235,0.4085711788211788,0.19926008682399943,0.06696500082383275,0.002095915074593183,0.4279973999999999,0.009383723000760387,0.09555265499999996,0.007725708332913557,774.4673404886846,0.0,4.082587503944524,0.2140586804300184,49003.2448317681,149959.21451120003,2325954.7650666996,1224535.001568084,3684513.704900848,1610720.589058412,921.128426225212,402.680147264603,1208992.3997015606,575401.3124994423,302.24809992539014,143.85032812486054,3734295.4996606084,1592205.91054643,933.5738749151521,398.0514776366075,2805310.4,61470.770590040054,12001.4,272.30383357157825,2817311.8,61742.610220531205,626807.7,50689.996828324576,2552.5,203.76470635405818,629360.2,50893.67717506763,1599.5,34.887915768452935,357.6,28.98352022174747,1241.9,50.794684761301546,0.7762414912186053,0.019754499547800248,1.0,0.0,0.0,0.0,0.0,0.0,0.41000000000000003,5.851389114294502e-17,0.2564322105611923,0.0,0.7228677466422824,1.1702778228589004e-16,1.0,0.0,0.4447686813485035,0.006360547151083082,0.09464753277526648,0.002666368334438281
main,0.6,selective_no_graph,10,0.8830368687446132,0.006801953264692754,0.832392857142857,0.012756495388749017,0.9404857926559304,0.011469899206450605,0.8251520238095239,0.014866744423683017,0.9947000390309739,0.011094513618119991,0.39987500000000004,0.008721978942113235,0.08502500000000002,0.00944608237430853,0.20169744767055975,0.21772905432831427,0.029002731321730944,0.0013741271006688053,0.09115669499999997,0.010126021583783536,0.0,0.0,774.4673404886846,0.0,4.082587503944524,0.2140586804300184,0.0,0.0,66.97001689462923,16.809431157273885,832845.4753664744,132145.9748150881,208.2113688416186,33.03649370377203,0.0,0.0,0.0,0.0,833624.0252944669,132145.9182194236,208.4060063236168,33.036479554855894,596840.5,66303.60010378186,2717.7,300.8089279112425,599558.2,66604.40263192484,0.0,0.0,0.0,0.0,0.0,0.0,340.1,37.78432949723411,0.0,0.0,340.1,37.78432949723411,1.0,0.0,1.0,0.0,0.31484999999999996,0.01079107141215469,0.31484999999999996,0.01079107141215469,0.41000000000000003,5.851389114294502e-17,0.2564322105611923,0.0,0.7228677466422824,1.1702778228589004e-16,1.0,0.0,0.4447686813485035,0.006360547151083082,0.09464753277526648,0.002666368334438281
main,0.65,no_llm,10,0.8770946661719548,0.006331449694112567,0.7927500000000001,0.009464173404544774,0.9816545712871635,0.009194907367947695,0.9064855505952382,0.007406689828481724,0.942160382101559,0.009963062701033924,0.41327499999999995,0.008200143968925858,0.0,0.0,0.07370652173913042,0.15553974742079676,0.01582977100906193,0.0007363397956370961,0.0,0.0,0.0,0.0,3841.50300952053,0.0,4.029566500685178,0.16538929469256267,1.9579459985834546,0.038364650288109536,1.9579459985834546,0.038364650288109536,0.0,0.0,0.0,0.0,0.0,0.0,0.0,0.0,3847.490522019799,0.15223078809551677,0.9618726305049495,3.8057697023881564e-05,0.0,0.0,0.0,0.0,0.0,0.0,0.0,0.0,0.0,0.0,0.0,0.0,0.0,0.0,0.0,0.0,0.0,0.0,0.0,0.0,0.0,0.0,0.323875,0.011464468054723596,0.323875,0.011464468054723596,0.41000000000000003,5.851389114294502e-17,0.2617648835058967,0.0,0.7176433439215327,0.0,1.0,0.0,0.4447686813485035,0.006360547151083082,0.09464753277526648,0.002666368334438281
main,0.65,selective,10,0.882516963621488,0.006992735834664449,0.8343928571428572,0.012951647825890556,0.9367755212277151,0.011586248085326696,0.8185873958333334,0.015203789221116532,0.9970609196683288,0.011127957192133765,0.41327499999999995,0.008200143968925858,0.0894,0.009751922887307916,0.21678218901617066,0.21663523236512627,0.02974928069051987,0.001328625102297659,0.09668107499999994,0.01054532283840803,0.0,0.0,3841.50300952053,0.0,4.029566500685178,0.16538929469256267,0.0,0.0,64.70332089811563,7.4900100504527805,531805.2572971825,217791.21339559517,132.95131432429562,54.447803348898795,0.0,0.0,0.0,0.0,535650.7898732037,217791.1734442774,133.9126974683009,54.44779336106935,633107.3,69060.24844703838,2858.3,310.4781438004578,635965.6,69370.72436986658,0.0,0.0,0.0,0.0,0.0,0.0,357.6,39.00769154923167,0.0,0.0,357.6,39.00769154923167,1.0,0.0,1.0,0.0,0.323875,0.011464468054723596,0.323875,0.011464468054723596,0.41000000000000003,5.851389114294502e-17,0.2617648835058967,0.0,0.7176433439215327,0.0,1.0,0.0,0.4447686813485035,0.006360547151083082,0.09464753277526648,0.002666368334438281
main,0.7,no_llm,10,0.8770946661719548,0.006331449694112567,0.7927500000000001,0.009464173404544774,0.9816545712871635,0.009194907367947695,0.9064855505952382,0.007406689828481724,0.942160382101559,0.009963062701033924,0.424775,0.007393174404663926,0.0,0.0,0.07370652173913042,0.15553974742079676,0.01582977100906193,0.0007363397956370961,0.0,0.0,0.0,0.0,3841.50300952053,0.0,3.9735039972583763,0.07905792962852895,1.9023707005544566,0.05226936150937868,1.9023707005544566,0.05226936150937868,0.0,0.0,0.0,0.0,0.0,0.0,0.0,0.0,3847.378884218343,0.10389395717040394,0.9618447210545856,2.5973489292642332e-05,0.0,0.0,0.0,0.0,0.0,0.0,0.0,0.0,0.0,0.0,0.0,0.0,0.0,0.0,0.0,0.0,0.0,0.0,0.0,0.0,0.0,0.0,0.33015,0.010912021912653141,0.33015,0.010912021912653141,0.41000000000000003,5.851389114294502e-17,0.2673399293179167,0.0,0.7122225787516897,0.0,1.0,0.0,0.4447686813485035,0.006360547151083082,0.09464753277526648,0.002666368334438281
main,0.7,selective,10,0.8823664391102364,0.006921301523514563,0.8370357142857143,0.012616857402021614,0.9331244128651963,0.01175209860942965,0.8118085416666666,0.015719972227549384,1.0002255654589454,0.01121594785124704,0.424775,0.007393174404663926,0.094625,0.009606313028420426,0.245506280523443,0.2120300246176948,0.030776524668084716,0.0012281485494876425,0.10233092999999997,0.01039460527432377,0.0,0.0,3841.50300952053,0.0,3.9735039972583763,0.07905792962852895,0.0,0.0,66.87930399930337,6.028564561328147,564382.0229731812,232183.306903521,141.09550574329532,58.04582672588025,0.0,0.0,0.0,0.0,568227.4994866991,232183.28540328317,142.05687487167478,58.04582135082079,670106.2,68073.89028891081,3025.0,305.8717959465298,673131.2,68379.75981043903,0.0,0.0,0.0,0.0,0.0,0.0,378.5,38.4252521136817,0.0,0.0,378.5,38.4252521136817,1.0,0.0,1.0,0.0,0.33015,0.010912021912653141,0.33015,0.010912021912653141,0.41000000000000003,5.851389114294502e-17,0.2673399293179167,0.0,0.7122225787516897,0.0,1.0,0.0,0.4447686813485035,0.006360547151083082,0.09464753277526648,0.002666368334438281
main,0.75,no_llm,10,0.8770946661719548,0.006331449694112567,0.7927500000000001,0.009464173404544774,0.9816545712871635,0.009194907367947695,0.9064855505952382,0.007406689828481724,0.942160382101559,0.009963062701033924,0.43492500000000006,0.00654795345466386,0.0,0.0,0.07370652173913042,0.15553974742079676,0.01582977100906193,0.0007363397956370961,0.0,0.0,0.0,0.0,3841.50300952053,0.0,4.400075103330892,1.4888103695495651,1.9685458013555035,0.04342487237197662,1.9685458013555035,0.04342487237197662,0.0,0.0,0.0,0.0,0.0,0.0,0.0,0.0,3847.8716304252166,1.498836928251754,0.9619679076063041,0.000374709232062865,0.0,0.0,0.0,0.0,0.0,0.0,0.0,0.0,0.0,0.0,0.0,0.0,0.0,0.0,0.0,0.0,0.0,0.0,0.0,0.0,0.0,0.0,0.33602499999999996,0.010976901252681064,0.33602499999999996,0.010976901252681064,0.41000000000000003,5.851389114294502e-17,0.2732468146773751,0.0,0.7081236771908002,0.0,1.0,0.0,0.4447686813485035,0.006360547151083082,0.09464753277526648,0.002666368334438281
main,0.75,selective,10,0.8825341481436697,0.006859393457228745,0.8393214285714284,0.012387189363106553,0.9306615197591299,0.011487948637739252,0.8074914136904763,0.015602641753710638,1.002965349648341,0.011671879662892567,0.43492500000000006,0.00654795345466386,0.0989,0.009516943953928814,0.245506280523443,0.2120300246176948,0.03149297052981,0.0012751955078193007,0.10694638499999995,0.010296988471744999,0.0,0.0,3841.50300952053,0.0,4.400075103330892,1.4888103695495651,0.0,0.0,70.18439959938405,6.967741153099366,593390.1071069795,244681.67367463995,148.34752677674487,61.17041841866,0.0,0.0,0.0,0.0,597236.0101916033,244681.25037180466,149.30900254790083,61.17031259295118,700333.1,67436.83271106376,3160.7,302.44229936377025,703493.8,67739.27194569878,0.0,0.0,0.0,0.0,0.0,0.0,395.6,38.067775815715265,0.0,0.0,395.6,38.067775815715265,1.0,0.0,1.0,0.0,0.33602499999999996,0.010976901252681064,0.33602499999999996,0.010976901252681064,0.41000000000000003,5.851389114294502e-17,0.2732468146773751,0.0,0.7081236771908002,0.0,1.0,0.0,0.4447686813485035,0.006360547151083082,0.09464753277526648,0.002666368334438281
main,0.8,ensemble_only,10,0.8728287195815287,0.0044081057943289054,0.7795714285714286,0.007479753473085903,0.9915212503527954,0.0065756680949729,0.9165297916666667,0.007124102634977125,0.9323125663209169,0.006338268998109857,0.0,0.0,0.0,0.0,0.0681159420289855,0.14360101451972349,0.018113967415615488,0.00036266365895040856,0.0,0.0,0.0,0.0,3841.50300952053,0.0,3.900008501659613,0.06867905389642659,1.9704459031345323,0.052793970026207664,1.9704459031345323,0.052793970026207664,0.0,0.0,0.0,0.0,0.0,0.0,0.0,0.0,3847.3734639253244,0.09266949140199796,0.9618433659813311,2.316737285049691e-05,0.0,0.0,0.0,0.0,0.0,0.0,0.0,0.0,0.0,0.0,0.0,0.0,0.0,0.0,0.0,0.0,0.0,0.0,0.0,0.0,0.0,0.0,0.0,0.0,0.0,0.0,0.41000000000000003,5.851389114294502e-17,0.2798569406098888,0.0,0.7042773411592209,1.1702778228589004e-16,1.0,0.0,0.4447686813485035,0.006360547151083082,0.09464753277526648,0.002666368334438281
main,0.8,no_llm,10,0.8770946661719548,0.006331449694112567,0.7927500000000001,0.009464173404544774,0.9816545712871635,0.009194907367947695,0.9064855505952382,0.007406689828481724,0.942160382101559,0.009963062701033924,0.44532499999999997,0.00681914176743998,0.0,0.0,0.07370652173913042,0.15553974742079676,0.01582977100906193,0.0007363397956370961,0.0,0.0,0.0,0.0,3841.50300952053,0.0,3.900008501659613,0.06867905389642659,1.9258877029642463,0.1197145969219291,1.9258877029642463,0.1197145969219291,0.0,0.0,0.0,0.0,0.0,0.0,0.0,0.0,3847.328905725154,0.139171496069725,0.9618322264312885,3.4792874017501584e-05,0.0,0.0,0.0,0.0,0.0,0.0,0.0,0.0,0.0,0.0,0.0,0.0,0.0,0.0,0.0,0.0,0.0,0.0,0.0,0.0,0.0,0.0,0.34175,0.01167202258013199,0.34175,0.01167202258013199,0.41000000000000003,5.851389114294502e-17,0.2798569406098888,0.0,0.7042773411592209,1.1702778228589004e-16,1.0,0.0,0.4447686813485035,0.006360547151083082,0.09464753277526648,0.002666368334438281
main,0.8,selective,10,0.8821043698544251,0.00682141085252803,0.8410714285714287,0.012743100930118724,0.9275866982712359,0.011739975712970687,0.8014356696428571,0.01577907746544143,1.0050505184867162,0.011617266397279525,0.44532499999999997,0.00681914176743998,0.103575,0.009846072256940269,0.245506280523443,0.2120300246176948,0.032140176916540565,0.001400133782181229,0.11199935999999996,0.010650775736818422,0.0,0.0,3841.50300952053,0.0,3.900008501659613,0.06867905389642659,0.0,0.0,76.58230020169867,12.825114027155035,625250.4458278825,261359.18714633875,156.31261145697061,65.33979678658469,0.0,0.0,0.0,0.0,629095.8488459047,261359.16162091694,157.27396221147615,65.33979040522924,733426.0,69754.49109237021,3309.1,312.6753552453051,736735.1,70067.16114391011,0.0,0.0,0.0,0.0,0.0,0.0,414.3,39.384289027761085,0.0,0.0,414.3,39.384289027761085,1.0,0.0,1.0,0.0,0.34175,0.01167202258013199,0.34175,0.01167202258013199,0.41000000000000003,5.851389114294502e-17,0.2798569406098888,0.0,0.7042773411592209,1.1702778228589004e-16,1.0,0.0,0.4447686813485035,0.006360547151083082,0.09464753277526648,0.002666368334438281
main,0.8,selective_no_filter,10,0.8655797222213131,0.004889226873923889,0.8971428571428571,0.009019379488036145,0.8362529638145821,0.00785471049296717,0.6040462946428571,0.013498676033246483,1.0709984960927381,0.010308283139285692,0.44532499999999997,0.00681914176743998,0.44532499999999997,0.00681914176743998,0.46987210052427447,0.16492478958803358,0.0711076450207542,0.0021997199725235263,0.4806813749999999,0.007400665517792977,0.0,0.0,3841.50300952053,0.0,3.900008501659613,0.06867905389642659,0.0,0.0,293.7859457000741,8.68223732612391,2668097.1200484424,1240191.6576696984,667.0242800121107,310.0479144174246,0.0,0.0,0.0,0.0,2671942.523066465,1240191.6318572315,667.9856307666163,310.04790796430785,3150816.5,48492.84239337687,13431.5,212.26307053067688,3164248.0,48704.06087563724,0.0,0.0,0.0,0.0,0.0,0.0,1781.3,27.276567069759917,0.0,0.0,1781.3,27.276567069759917,1.0,0.0,1.0,0.0,0.0,0.0,0.0,0.0,0.41000000000000003,5.851389114294502e-17,0.2798569406098888,0.0,0.7042773411592209,1.1702778228589004e-16,1.0,0.0,0.4447686813485035,0.006360547151083082,0.09464753277526648,0.002666368334438281
main,0.8,selective_no_graph,10,0.8820215121356754,0.006800545284000517,0.8409285714285716,0.012612532010616306,0.9275737571792446,0.01175008761213713,0.8013048660714286,0.015770390912654995,1.004880823042403,0.011512706206621608,0.44532499999999997,0.00681914176743998,0.103575,0.009846072256940269,0.245506280523443,0.2120300246176948,0.032125700976629874,0.0014052959588726694,0.11196236999999995,0.010649605494524232,0.08651024999999997,0.008350452514983812,3841.50300952053,0.0,3.900008501659613,0.06867905389642659,1769693.5926116607,263870.5880738186,2757943.1933667,263394.96213286504,988249.6007550396,123596.19417759926,247.06240018875988,30.899048544399818,845434.645033146,88363.5118788511,211.35866125828653,22.09087796971278,2761788.5963847223,263394.9584952044,690.4471490961805,65.84873962380112,733181.0,69747.57351255232,3308.7,312.46014857009277,736489.7,70060.02247763461,566533.8,54690.84707862713,2550.3,244.72254130386563,569084.1,54935.55598749825,414.3,39.384289027761085,319.3,30.80422049005623,95.0,10.47748909700114,0.22932478938551068,0.013056883646957541,1.0,0.0,0.34175,0.01167202258013199,0.34175,0.01167202258013199,0.41000000000000003,5.851389114294502e-17,0.2798569406098888,0.0,0.7042773411592209,1.1702778228589004e-16,1.0,0.0,0.4447686813485035,0.006360547151083082,0.09464753277526648,0.002666368334438281
main,0.85,no_llm,10,0.8770946661719548,0.006331449694112567,0.7927500000000001,0.009464173404544774,0.9816545712871635,0.009194907367947695,0.9064855505952382,0.007406689828481724,0.942160382101559,0.009963062701033924,0.45605,0.006512594635695427,0.0,0.0,0.07370652173913042,0.15553974742079676,0.01582977100906193,0.0007363397956370961,0.0,0.0,0.0,0.0,3841.50300952053,0.0,3.9622542026336305,0.10654289560596757,1.9426750019192696,0.054308382515045835,1.9426750019192696,0.054308382515045835,0.0,0.0,0.0,0.0,0.0,0.0,0.0,0.0,3847.407938725083,0.13201828910676258,0.9618519846812708,3.3004572276699456e-05,0.0,0.0,0.0,0.0,0.0,0.0,0.0,0.0,0.0,0.0,0.0,0.0,0.0,0.0,0.0,0.0,0.0,0.0,0.0,0.0,0.0,0.0,0.348325,0.011313739189341625,0.348325,0.011313739189341625,0.41000000000000003,5.851389114294502e-17,0.2898104448821513,0.0,0.7012762304143376,0.0,1.0,0.0,0.4447686813485035,0.006360547151083082,0.09464753277526648,0.002666368334438281
main,0.85,selective,10,0.8819732910395967,0.006888294889470992,0.8425714285714285,0.012941522058756405,0.9254752263337428,0.011333741296119122,0.7974623511904763,0.015104246628890174,1.006840453862361,0.011668866964714822,0.45605,0.006512594635695427,0.107725,0.010108748960952367,0.245506280523443,0.2120300246176948,0.032781611014700715,0.001457876459399898,0.11648855999999994,0.010933158465237746,0.0,0.0,3841.50300952053,0.0,3.9622542026336305,0.10654289560596757,0.0,0.0,74.02873739920324,6.501240224847469,650840.8116357836,272670.21089182113,162.71020290894594,68.16755272295528,0.0,0.0,0.0,0.0,654686.276899507,272670.18439499644,163.67156922487675,68.16754609874911,762827.2,71606.13982799706,3440.8,320.40037453161625,766268.0,71926.5355855079,0.0,0.0,0.0,0.0,0.0,0.0,430.9,40.43499584380947,0.0,0.0,430.9,40.43499584380947,1.0,0.0,1.0,0.0,0.348325,0.011313739189341625,0.348325,0.011313739189341625,0.41000000000000003,5.851389114294502e-17,0.2898104448821513,0.0,0.7012762304143376,0.0,1.0,0.0,0.4447686813485035,0.006360547151083082,0.09464753277526648,0.002666368334438281
main,0.9,no_llm,10,0.8770946661719548,0.006331449694112567,0.7927500000000001,0.009464173404544774,0.9816545712871635,0.009194907367947695,0.9064855505952382,0.007406689828481724,0.942160382101559,0.009963062701033924,0.4748,0.007325564066260624,0.0,0.0,0.07370652173913042,0.15553974742079676,0.01582977100906193,0.0007363397956370961,0.0,0.0,0.0,0.0,3841.50300952053,0.0,4.3202669025049545,1.2227326512026582,1.9813706981949508,0.1130883749939806,1.9813706981949508,0.1130883749939806,0.0,0.0,0.0,0.0,0.0,0.0,0.0,0.0,3847.80464712123,1.2480624446980826,0.9619511617803076,0.0003120156111745778,0.0,0.0,0.0,0.0,0.0,0.0,0.0,0.0,0.0,0.0,0.0,0.0,0.0,0.0,0.0,0.0,0.0,0.0,0.0,0.0,0.0,0.0,0.36255000000000004,0.013258540224658557,0.36255000000000004,0.013258540224658557,0.41000000000000003,5.851389114294502e-17,0.3142996105987139,0.0,0.7014953322085604,1.1702778228589004e-16,1.0,0.0,0.4447686813485035,0.006360547151083082,0.09464753277526648,0.002666368334438281
main,0.9,selective,10,0.8817824059979475,0.006941957264466512,0.8431428571428571,0.012798366534095006,0.92436427573691,0.011503812521464074,0.7949420089285714,0.016122632701038454,1.0075237079325148,0.0114713358771208,0.4748,0.007325564066260624,0.11225,0.01043964133057794,0.245506280523443,0.2120300246176948,0.032971536869865106,0.0014957509700528535,0.12138481499999998,0.011287696418767196,0.0,0.0,3841.50300952053,0.0,4.3202669025049545,1.2227326512026582,0.0,0.0,78.26539559900993,9.600566126545829,678794.2839934847,288587.9002861113,169.69857099837117,72.14697507152782,0.0,0.0,0.0,0.0,682640.1072699078,288587.6937020449,170.66002681747693,72.1469234255112,794894.5,73927.97229924393,3584.4,330.84276225018635,798478.9,74258.80647580535,0.0,0.0,0.0,0.0,0.0,0.0,449.0,41.75856532231175,0.0,0.0,449.0,41.75856532231175,1.0,0.0,1.0,0.0,0.36255000000000004,0.013258540224658557,0.36255000000000004,0.013258540224658557,0.41000000000000003,5.851389114294502e-17,0.3142996105987139,0.0,0.7014953322085604,1.1702778228589004e-16,1.0,0.0,0.4447686813485035,0.006360547151083082,0.09464753277526648,0.002666368334438281
val,0.4,ensemble_only,10,0.9013034865818623,0.003522120390725891,0.8361862527716186,0.007980927046187605,0.9775395244880896,0.00790018493505172,0.8909572408690222,0.008915581378054165,1.0,0.0,0.0,0.0,0.0,0.0,0.0,0.0,0.004171926039146059,0.00013990862121438606,0.0,0.0,0.0,0.0,2589.3835160008166,0.0,6.404254200242576,1.1763573205151105,3.816516699589556,0.1531705154240262,3.816516699589556,0.1531705154240262,0.0,0.0,0.0,0.0,0.0,0.0,0.0,0.0,2599.6042869006487,1.1875122026807636,0.2058603331406912,9.403802681982179e-05,0.0,0.0,0.0,0.0,0.0,0.0,0.0,0.0,0.0,0.0,0.0,0.0,0.0,0.0,0.0,0.0,0.0,0.0,0.0,0.0,0.0,0.0,0.0,0.0,0.0,0.0,0.41000000000000003,5.851389114294502e-17,0.2281822239561854,0.0,0.7564255001576455,1.1702778228589004e-16,1.0,0.0,0.38334503532192626,0.006557269699208423,0.07958907449785775,0.00254243406472472
val,0.4,no_llm,10,0.8973286011361588,0.0046350008290234074,0.8414634146341463,0.01049636690217925,0.9612987356168677,0.007915996868813545,0.8940815925192107,0.005709661091878764,1.0,0.0,0.26333544504276213,0.009479067642615387,0.0,0.0,0.0,0.0,0.0039224200841289705,0.00042518917803486454,0.0,0.0,0.0,0.0,2589.3835160008166,0.0,6.404254200242576,1.1763573205151105,3.7905748991761357,0.07951328091669672,3.7905748991761357,0.07951328091669672,0.0,0.0,0.0,0.0,0.0,0.0,0.0,0.0,2599.5783451002353,1.196045782306661,0.20585827883277125,9.471379334070735e-05,0.0,0.0,0.0,0.0,0.0,0.0,0.0,0.0,0.0,0.0,0.0,0.0,0.0,0.0,0.0,0.0,0.0,0.0,0.0,0.0,0.0,0.0,0.22103262591067466,0.01327843829146793,0.22103262591067466,0.01327843829146793,0.41000000000000003,5.851389114294502e-17,0.2281822239561854,0.0,0.7564255001576455,1.1702778228589004e-16,1.0,0.0,0.38334503532192626,0.006557269699208423,0.07958907449785775,0.00254243406472472
val,0.4,selective,10,0.8998367329470064,0.004565663939222255,0.8368403547671839,0.01011134693032103,0.9732466704024038,0.008073757946210744,0.8939296144070088,0.004962425837560823,1.0,0.0,0.26333544504276213,0.009479067642615387,0.042302819132087374,0.004985043350325144,0.0,0.0,0.00391336270052706,0.0005172464964333289,0.11458589999999998,0.01350301683328579,0.0,0.0,2589.3835160008166,0.0,6.404254200242576,1.1763573205151105,0.0,0.0,6.79170420007722,0.6003586253807375,480780.0,56656.0146851153,38.07253721887868,4.486539015292627,0.0,0.0,0.0,0.0,483375.7877702011,56656.12978616829,38.278095325483136,4.486548130041834,507490.0,59803.57105651059,64104.0,7554.135291348706,571594.0,67357.70634785929,0.0,0.0,0.0,0.0,0.0,0.0,534.2,62.95112742790588,0.0,0.0,0.0,0.0,0.0,0.0,0.0,0.0,0.22103262591067466,0.01327843829146793,0.22103262591067466,0.01327843829146793,0.41000000000000003,5.851389114294502e-17,0.2281822239561854,0.0,0.7564255001576455,1.1702778228589004e-16,1.0,0.0,0.38334503532192626,0.006557269699208423,0.07958907449785775,0.00254243406472472
val,0.4,selective_no_filter,10,0.9003782954238799,0.004333660861913628,0.8377161862527716,0.009713562678685981,0.9733227470020491,0.008063573036593682,0.9105336779317703,0.004318564195612335,1.0,0.0,0.26333544504276213,0.009479067642615387,0.26333544504276213,0.009479067642615387,0.0,0.0,0.00396539058164841,0.0005201824892839743,0.7132982999999999,0.025676007397958098,0.0,0.0,2589.3835160008166,0.0,6.404254200242576,1.1763573205151105,0.0,0.0,8.691220699620317,0.25509803436749984,2992860.0,107731.49957185224,237.00190053848587,8.531160878353846,0.0,0.0,0.0,0.0,2995455.787770201,107731.49703206733,237.20745864509036,8.53116067723054,3159130.0,113716.58288139959,399048.0,14364.199942913632,3558178.0,128080.78282431322,0.0,0.0,0.0,0.0,0.0,0.0,3325.4,119.70166619094694,0.0,0.0,0.0,0.0,0.0,0.0,0.0,0.0,0.0,0.0,0.0,0.0,0.41000000000000003,5.851389114294502e-17,0.2281822239561854,0.0,0.7564255001576455,1.1702778228589004e-16,1.0,0.0,0.38334503532192626,0.006557269699208423,0.07958907449785775,0.00254243406472472
val,0.4,selective_no_graph,10,0.8998367329470064,0.004565663939222255,0.8368403547671839,0.01011134693032103,0.9732466704024038,0.008073757946210744,0.893927097826461,0.004961674154068736,1.0,0.0,0.26333544504276213,0.009479067642615387,0.042302819132087374,0.004985043350325144,0.0,0.0,0.00391393693051536,0.0005175924861988383,0.11458589999999998,0.01350301683328579,0.0,0.0,2589.3835160008166,0.0,6.404254200242576,1.1763573205151105,0.0,0.0,7.257241499610245,0.12006578797727206,480780.0,56656.0146851153,38.07253721887868,4.486539015292627,0.0,0.0,0.0,0.0,483375.7877702011,56656.12978616829,38.278095325483136,4.486548130041834,507490.0,59803.57105651059,64104.0,7554.135291348706,571594.0,67357.70634785929,0.0,0.0,0.0,0.0,0.0,0.0,534.2,62.95112742790588,0.0,0.0,0.0,0.0,0.0,0.0,0.0,0.0,0.22103262591067466,0.01327843829146793,0.22103262591067466,0.01327843829146793,0.41000000000000003,5.851389114294502e-17,0.2281822239561854,0.0,0.7564255001576455,1.1702778228589004e-16,1.0,0.0,0.38334503532192626,0.006557269699208423,0.07958907449785775,0.00254243406472472
val,0.6,ensemble_only,10,0.9013034865818623,0.003522120390725891,0.8361862527716186,0.007980927046187605,0.9775395244880896,0.00790018493505172,0.8909572408690222,0.008915581378054165,1.0,0.0,0.0,0.0,0.0,0.0,0.0,0.0,0.004171926039146059,0.00013990862121438606,0.0,0.0,0.0,0.0,2589.3835160008166,0.0,6.201749999308959,0.8171703645825,3.7988080992363393,0.11573425010512445,3.7988080992363393,0.11573425010512445,0.0,0.0,0.0,0.0,0.0,0.0,0.0,0.0,2599.384074099362,0.888122812249642,0.20584289468636055,7.032964937041852e-05,0.0,0.0,0.0,0.0,0.0,0.0,0.0,0.0,0.0,0.0,0.0,0.0,0.0,0.0,0.0,0.0,0.0,0.0,0.0,0.0,0.0,0.0,0.0,0.0,0.0,0.0,0.41000000000000003,5.851389114294502e-17,0.2564322105611923,0.0,0.7228677466422824,1.1702778228589004e-16,1.0,0.0,0.38334503532192626,0.006557269699208423,0.07958907449785775,0.00254243406472472
val,0.6,no_llm,10,0.8973286011361588,0.0046350008290234074,0.8414634146341463,0.01049636690217925,0.9612987356168677,0.007915996868813545,0.8940815925192107,0.005709661091878764,1.0,0.0,0.35498099461514093,0.011386846675561888,0.0,0.0,0.0,0.0,0.0039224200841289705,0.00042518917803486454,0.0,0.0,0.0,0.0,2589.3835160008166,0.0,6.201749999308959,0.8171703645825,4.038312399643473,1.2842754974172004,4.038312399643473,1.2842754974172004,0.0,0.0,0.0,0.0,0.0,0.0,0.0,0.0,2599.623578399769,1.906530190110278,0.20586186081721322,0.00015097641670177705,0.0,0.0,0.0,0.0,0.0,0.0,0.0,0.0,0.0,0.0,0.0,0.0,0.0,0.0,0.0,0.0,0.0,0.0,0.0,0.0,0.0,0.0,0.2957950585999366,0.016747701833122117,0.2957950585999366,0.016747701833122117,0.41000000000000003,5.851389114294502e-17,0.2564322105611923,0.0,0.7228677466422824,1.1702778228589004e-16,1.0,0.0,0.38334503532192626,0.006557269699208423,0.07958907449785775,0.00254243406472472
val,0.6,selective,10,0.8998582293391054,0.004567395721962024,0.8368403547671841,0.010101347346535453,0.9732965280309113,0.008067140017748395,0.8952429099414457,0.005064796296782663,1.0,0.0,0.35498099461514093,0.011386846675561888,0.059185936015204256,0.006094554933877908,0.0,0.0,0.00393919202975706,0.0005373773921574546,0.1603172999999999,0.016508357516724692,0.0,0.0,2589.3835160008166,0.0,6.4211875996988965,1.171767920247384,0.0,0.0,6.912979199478286,0.4288110316794968,672660.0,69265.83573450912,53.26734241368388,5.485099440490111,0.0,0.0,0.0,0.0,675255.8047036005,69265.99466683448,53.47290186122905,5.485112026198485,710030.0,73113.93771975962,89688.0,9235.444764601216,799718.0,82349.38248436083,0.0,0.0,0.0,0.0,0.0,0.0,747.4,76.96203970501013,0.0,0.0,0.0,0.0,0.0,0.0,0.0,0.0,0.2957950585999366,0.016747701833122117,0.2957950585999366,0.016747701833122117,0.41000000000000003,5.851389114294502e-17,0.2564322105611923,0.0,0.7228677466422824,1.1702778228589004e-16,1.0,0.0,0.38334503532192626,0.006557269699208423,0.07958907449785775,0.00254243406472472
val,0.6,selective_no_filter,10,0.9003782954238799,0.004333660861913628,0.8377161862527716,0.009713562678685981,0.9733227470020491,0.008063573036593682,0.9023289309049611,0.00563523170019888,1.0,0.0,0.35498099461514093,0.011386846675561888,0.35498099461514093,0.011386846675561888,0.0,0.0,0.00427576188873455,0.0005449272133834313,0.9615391499999999,0.030843619911174534,0.0,0.0,2589.3835160008166,0.0,6.201749999308959,0.8171703645825,0.0,0.0,9.446749900234863,0.3049958891698479,4034430.0,129413.7898370958,319.4828951536269,10.248162008005687,0.0,0.0,0.0,0.0,4037025.585266,129413.74428088474,319.68843722410514,10.248158400450173,4258565.0,136603.44482804555,537924.0,17255.17197827944,4796489.0,153858.616806325,0.0,0.0,0.0,0.0,0.0,0.0,4482.7,143.79309981899533,0.0,0.0,0.0,0.0,0.0,0.0,0.0,0.0,0.0,0.0,0.0,0.0,0.41000000000000003,5.851389114294502e-17,0.2564322105611923,0.0,0.7228677466422824,1.1702778228589004e-16,1.0,0.0,0.38334503532192626,0.006557269699208423,0.07958907449785775,0.00254243406472472
val,0.6,selective_no_graph,10,0.8998582293391054,0.004567395721962024,0.8368403547671841,0.010101347346535453,0.9732965280309113,0.008067140017748395,0.8952406852719506,0.0050644952293097895,1.0,0.0,0.35498099461514093,0.011386846675561888,0.059185936015204256,0.006094554933877908,0.0,0.0,0.00393994231494073,0.000537669722731353,0.1603172999999999,0.016508357516724692,0.0,0.0,2589.3835160008166,0.0,6.201749999308959,0.8171703645825,0.0,0.0,7.64735390257556,0.43627335258843947,672660.0,69265.83573450912,53.26734241368388,5.485099440490111,0.0,0.0,0.0,0.0,675255.5852660002,69265.76100635207,53.47288448416219,5.485093522834344,710030.0,73113.93771975962,89688.0,9235.444764601216,799718.0,82349.38248436083,0.0,0.0,0.0,0.0,0.0,0.0,747.4,76.96203970501013,0.0,0.0,0.0,0.0,0.0,0.0,0.0,0.0,0.2957950585999366,0.016747701833122117,0.2957950585999366,0.016747701833122117,0.41000000000000003,5.851389114294502e-17,0.2564322105611923,0.0,0.7228677466422824,1.1702778228589004e-16,1.0,0.0,0.38334503532192626,0.006557269699208423,0.07958907449785775,0.00254243406472472
val,0.8,ensemble_only,10,0.9013034865818623,0.003522120390725891,0.8361862527716186,0.007980927046187605,0.9775395244880896,0.00790018493505172,0.8909572347235264,0.008915579304502003,1.0,0.0,0.0,0.0,0.0,0.0,0.0,0.0,0.00417192603944272,0.00013990858655597429,0.0,0.0,0.0,0.0,13364.94629200024,0.0,5.770500200014794,0.33845258553343094,6.486429199503618,8.390954505268208,6.486429199503618,8.390954505268208,0.0,0.0,0.0,0.0,0.0,0.0,0.0,0.0,13377.203221399759,8.37277047223951,1.0593287315014062,0.0006630321881722634,0.0,0.0,0.0,0.0,0.0,0.0,0.0,0.0,0.0,0.0,0.0,0.0,0.0,0.0,0.0,0.0,0.0,0.0,0.0,0.0,0.0,0.0,0.0,0.0,0.0,0.0,0.41000000000000003,5.851389114294502e-17,0.2798569406098888,0.0,0.7042773411592209,1.1702778228589004e-16,1.0,0.0,0.38334503760338917,0.006557272806589212,0.07958907399108364,0.0025424340606147156
val,0.8,no_llm,10,0.8973286011361588,0.0046350008290234074,0.8414634146341463,0.01049636690217925,0.9612987356168677,0.007915996868813545,0.8940815833009669,0.005709672907180346,1.0,0.0,0.3939737092176116,0.011966114372038903,0.0,0.0,0.0,0.0,0.0039224203371943005,0.000425189601814029,0.0,0.0,0.0,0.0,13364.94629200024,0.0,5.770500200014794,0.33845258553343094,3.5660916000779252,0.10244845599328437,3.5660916000779252,0.10244845599328437,0.0,0.0,0.0,0.0,0.0,0.0,0.0,0.0,13374.282883800333,0.3051235063028364,1.0590974725847588,2.4162456945118242e-05,0.0,0.0,0.0,0.0,0.0,0.0,0.0,0.0,0.0,0.0,0.0,0.0,0.0,0.0,0.0,0.0,0.0,0.0,0.0,0.0,0.0,0.0,0.3212860310421286,0.01792489474398641,0.3212860310421286,0.01792489474398641,0.41000000000000003,5.851389114294502e-17,0.2798569406098888,0.0,0.7042773411592209,1.1702778228589004e-16,1.0,0.0,0.38334503760338917,0.006557272806589212,0.07958907399108364,0.0025424340606147156
val,0.8,selective,10,0.8998713848891515,0.004540801208768752,0.8368625277161863,0.010091500249377603,0.9732975683971201,0.008065128999479948,0.8963390635985073,0.004794640466078572,1.0,0.0,0.3939737092176116,0.011966114372038903,0.07268767817548301,0.0066627120168150054,0.0,0.0,0.003998666751852139,0.0005707970225217828,0.19688954999999997,0.01804732801621893,0.0,0.0,13364.94629200024,0.0,5.770500200014794,0.33845258553343094,0.0,0.0,6.740529098897241,0.33794621540848935,826110.0,75723.05461350591,65.41891035793476,5.996440815133508,0.0,0.0,0.0,0.0,839480.7167922001,75723.10453551414,66.4777254349224,5.996444768412582,872005.0,79929.89098092291,110148.0,10096.40728180079,982153.0,90026.2982627237,0.0,0.0,0.0,0.0,0.0,0.0,917.9,84.13672734833992,0.0,0.0,0.0,0.0,0.0,0.0,0.0,0.0,0.3212860310421286,0.01792489474398641,0.3212860310421286,0.01792489474398641,0.41000000000000003,5.851389114294502e-17,0.2798569406098888,0.0,0.7042773411592209,1.1702778228589004e-16,1.0,0.0,0.38334503760338917,0.006557272806589212,0.07958907399108364,0.0025424340606147156
val,0.8,selective_no_filter,10,0.9003782954238799,0.004333660861913628,0.8377161862527716,0.009713562678685981,0.9733227470020491,0.008063573036593682,0.8966735967374792,0.005865875265171348,1.0,0.0,0.3939737092176116,0.011966114372038903,0.3939737092176116,0.011966114372038903,0.0,0.0,0.004401437468417641,0.0005855383623775673,1.06715895,0.03241268579622803,0.0,0.0,13364.94629200024,0.0,5.770500200014794,0.33845258553343094,0.0,0.0,9.64210419988376,0.4645316466027078,4477590.0,135997.28306109647,354.57633829585046,10.769502934835023,0.0,0.0,0.0,0.0,4490960.7167922,135997.22186347144,355.63515337283815,10.769498088649932,4726345.0,143552.68767560183,597012.0,18132.971074812864,5323357.0,161685.6587504147,0.0,0.0,0.0,0.0,0.0,0.0,4975.1,151.10809229010718,0.0,0.0,0.0,0.0,0.0,0.0,0.0,0.0,0.0,0.0,0.0,0.0,0.41000000000000003,5.851389114294502e-17,0.2798569406098888,0.0,0.7042773411592209,1.1702778228589004e-16,1.0,0.0,0.38334503760338917,0.006557272806589212,0.07958907399108364,0.0025424340606147156
val,0.8,selective_no_graph,10,0.8998713848891515,0.004540801208768752,0.8368625277161863,0.010091500249377603,0.9732975683971201,0.008065128999479948,0.8963392203086513,0.004793237638854663,1.0,0.0,0.3939737092176116,0.011966114372038903,0.07268767817548301,0.0066627120168150054,0.0,0.0,0.00399956402678153,0.0005710173466315912,0.19688954999999997,0.01804732801621893,0.0,0.0,13364.94629200024,0.0,5.770500200014794,0.33845258553343094,0.0,0.0,7.210816699807765,0.14229327145594972,826110.0,75723.05461350591,65.41891035793476,5.996440815133508,0.0,0.0,0.0,0.0,839480.7167922001,75723.10453551414,66.4777254349224,5.996444768412582,872005.0,79929.89098092291,110148.0,10096.40728180079,982153.0,90026.2982627237,0.0,0.0,0.0,0.0,0.0,0.0,917.9,84.13672734833992,0.0,0.0,0.0,0.0,0.0,0.0,0.0,0.0,0.3212860310421286,0.01792489474398641,0.3212860310421286,0.01792489474398641,0.41000000000000003,5.851389114294502e-17,0.2798569406098888,0.0,0.7042773411592209,1.1702778228589004e-16,1.0,0.0,0.38334503760338917,0.006557272806589212,0.07958907399108364,0.0025424340606147156
